<repast.simphony.chart2.engine.TimeSeriesChartDescriptor simphonyVersion="2.7.0">
  <name>Reporte</name>
  <dataSet>Reporte</dataSet>
  <xAxisLabel>Tick Count</xAxisLabel>
  <yAxisLabel>Cantidad</yAxisLabel>
  <chartTitle>Reporte</chartTitle>
  <type>TIME_SERIES</type>
  <background>
    <red>192</red>
    <green>192</green>
    <blue>192</blue>
    <alpha>255</alpha>
  </background>
  <gridLineColor>
    <red>255</red>
    <green>255</green>
    <blue>255</blue>
    <alpha>255</alpha>
  </gridLineColor>
  <showGrid>true</showGrid>
  <showLegend>true</showLegend>
  <seriesIds>
    <entry>
      <string>Hospitalizados</string>
      <SeriesData>
        <label>Hospitalizados</label>
        <color>
          <red>0</red>
          <green>0</green>
          <blue>255</blue>
          <alpha>255</alpha>
        </color>
      </SeriesData>
    </entry>
    <entry>
      <string>Expuestos</string>
      <SeriesData>
        <label>Expuestos</label>
        <color>
          <red>255</red>
          <green>255</green>
          <blue>0</blue>
          <alpha>255</alpha>
        </color>
      </SeriesData>
    </entry>
    <entry>
      <string>Muertos</string>
      <SeriesData>
        <label>Muertos</label>
        <color>
          <red>102</red>
          <green>0</green>
          <blue>0</blue>
          <alpha>255</alpha>
        </color>
      </SeriesData>
    </entry>
    <entry>
      <string>Sintomaticos</string>
      <SeriesData>
        <label>Sintomaticos</label>
        <color>
          <red>255</red>
          <green>0</green>
          <blue>0</blue>
          <alpha>255</alpha>
        </color>
      </SeriesData>
    </entry>
    <entry>
      <string>Recuperados</string>
      <SeriesData>
        <label>Recuperados</label>
        <color>
          <red>0</red>
          <green>153</green>
          <blue>0</blue>
          <alpha>255</alpha>
        </color>
      </SeriesData>
    </entry>
    <entry>
      <string>Asintomaticos</string>
      <SeriesData>
        <label>Asintomaticos</label>
        <color>
          <red>255</red>
          <green>102</green>
          <blue>0</blue>
          <alpha>255</alpha>
        </color>
      </SeriesData>
    </entry>
  </seriesIds>
  <dataValueIds/>
  <plotRangeLength>-1</plotRangeLength>
</repast.simphony.chart2.engine.TimeSeriesChartDescriptor>