<repast.simphony.data2.engine.DataSetDescriptor simphonyVersion="2.7.0">
  <name>Humanos</name>
  <type>AGGREGATE</type>
  <inclTick>true</inclTick>
  <inclBatchRun>false</inclBatchRun>
  <inclRandomSeed>false</inclRandomSeed>
  <scheduleParams>
    <start>0.0</start>
    <interval>1.0</interval>
    <priority>-Infinity</priority>
    <pType>LAST</pType>
    <duration>-1.0</duration>
    <frequency>REPEAT</frequency>
    <hashCode>-614267772</hashCode>
  </scheduleParams>
  <atEnd>false</atEnd>
  <methodDataSources class="linked-hash-map"/>
  <countSources class="linked-hash-map">
    <entry>
      <string>Cantidad</string>
      <repast.simphony.data2.engine.CountSourceDefinition>
        <typeName>geocovid.agents.HumanAgent</typeName>
        <id>Cantidad</id>
      </repast.simphony.data2.engine.CountSourceDefinition>
    </entry>
  </countSources>
  <customNADataSources class="linked-hash-map"/>
  <customAggDataSources class="linked-hash-map"/>
</repast.simphony.data2.engine.DataSetDescriptor>